method,task,phase,status
majority,outcome,Phase1,ok
majority,outcome,Phase2,ok
majority,outcome,Phase3,ok
majority,outcome,Phase4,ok
majority,mortality_rate_yn,Phase1,ok
majority,mortality_rate_yn,Phase2,ok
majority,mortality_rate_yn,Phase3,ok
majority,mortality_rate_yn,Phase4,ok
majority,serious_adverse_rate_yn,Phase1,ok
majority,serious_adverse_rate_yn,Phase2,ok
majority,serious_adverse_rate_yn,Phase3,ok
majority,serious_adverse_rate_yn,Phase4,ok
majority,patient_dropout_rate_yn,Phase1,ok
majority,patient_dropout_rate_yn,Phase2,ok
majority,patient_dropout_rate_yn,Phase3,ok
majority,patient_dropout_rate_yn,Phase4,ok
majority,failure_reason,Phase1,ok
majority,failure_reason,Phase2,ok
majority,failure_reason,Phase3,ok
majority,failure_reason,Phase4,ok
logreg_l1,outcome,Phase1,ok
logreg_l1,outcome,Phase2,ok
logreg_l1,outcome,Phase3,ok
logreg_l1,outcome,Phase4,ok
logreg_l1,mortality_rate_yn,Phase1,ok
logreg_l1,mortality_rate_yn,Phase2,ok
logreg_l1,mortality_rate_yn,Phase3,ok
logreg_l1,mortality_rate_yn,Phase4,ok
logreg_l1,serious_adverse_rate_yn,Phase1,ok
logreg_l1,serious_adverse_rate_yn,Phase2,ok
logreg_l1,serious_adverse_rate_yn,Phase3,ok
logreg_l1,serious_adverse_rate_yn,Phase4,ok
logreg_l1,patient_dropout_rate_yn,Phase1,ok
logreg_l1,patient_dropout_rate_yn,Phase2,ok
logreg_l1,patient_dropout_rate_yn,Phase3,ok
logreg_l1,patient_dropout_rate_yn,Phase4,ok
logreg_l1,failure_reason,Phase1,ok
logreg_l1,failure_reason,Phase2,ok
logreg_l1,failure_reason,Phase3,ok
logreg_l1,failure_reason,Phase4,ok
logreg_l2,outcome,Phase1,ok
logreg_l2,outcome,Phase2,ok
logreg_l2,outcome,Phase3,ok
logreg_l2,outcome,Phase4,ok
logreg_l2,mortality_rate_yn,Phase1,ok
logreg_l2,mortality_rate_yn,Phase2,ok
logreg_l2,mortality_rate_yn,Phase3,ok
logreg_l2,mortality_rate_yn,Phase4,ok
logreg_l2,serious_adverse_rate_yn,Phase1,ok
logreg_l2,serious_adverse_rate_yn,Phase2,ok
logreg_l2,serious_adverse_rate_yn,Phase3,ok
logreg_l2,serious_adverse_rate_yn,Phase4,ok
logreg_l2,patient_dropout_rate_yn,Phase1,ok
logreg_l2,patient_dropout_rate_yn,Phase2,ok
logreg_l2,patient_dropout_rate_yn,Phase3,ok
logreg_l2,patient_dropout_rate_yn,Phase4,ok
logreg_l2,failure_reason,Phase1,ok
logreg_l2,failure_reason,Phase2,ok
logreg_l2,failure_reason,Phase3,ok
logreg_l2,failure_reason,Phase4,ok
svm_linear,outcome,Phase1,ok
svm_linear,outcome,Phase2,ok
svm_linear,outcome,Phase3,ok
svm_linear,outcome,Phase4,ok
svm_linear,mortality_rate_yn,Phase1,ok
svm_linear,mortality_rate_yn,Phase2,ok
svm_linear,mortality_rate_yn,Phase3,ok
svm_linear,mortality_rate_yn,Phase4,ok
svm_linear,serious_adverse_rate_yn,Phase1,ok
svm_linear,serious_adverse_rate_yn,Phase2,ok
svm_linear,serious_adverse_rate_yn,Phase3,ok
svm_linear,serious_adverse_rate_yn,Phase4,ok
svm_linear,patient_dropout_rate_yn,Phase1,ok
svm_linear,patient_dropout_rate_yn,Phase2,ok
svm_linear,patient_dropout_rate_yn,Phase3,ok
svm_linear,patient_dropout_rate_yn,Phase4,ok
svm_linear,failure_reason,Phase1,ok
svm_linear,failure_reason,Phase2,ok
svm_linear,failure_reason,Phase3,ok
svm_linear,failure_reason,Phase4,ok
knn,outcome,Phase1,ok
knn,outcome,Phase2,ok
knn,outcome,Phase3,ok
knn,outcome,Phase4,ok
knn,mortality_rate_yn,Phase1,ok
knn,mortality_rate_yn,Phase2,ok
knn,mortality_rate_yn,Phase3,ok
knn,mortality_rate_yn,Phase4,ok
knn,serious_adverse_rate_yn,Phase1,ok
knn,serious_adverse_rate_yn,Phase2,ok
knn,serious_adverse_rate_yn,Phase3,ok
knn,serious_adverse_rate_yn,Phase4,ok
knn,patient_dropout_rate_yn,Phase1,ok
knn,patient_dropout_rate_yn,Phase2,ok
knn,patient_dropout_rate_yn,Phase3,ok
knn,patient_dropout_rate_yn,Phase4,ok
knn,failure_reason,Phase1,ok
knn,failure_reason,Phase2,ok
knn,failure_reason,Phase3,ok
knn,failure_reason,Phase4,ok
random_forest,outcome,Phase1,ok
random_forest,outcome,Phase2,ok
random_forest,outcome,Phase3,ok
random_forest,outcome,Phase4,ok
random_forest,mortality_rate_yn,Phase1,ok
random_forest,mortality_rate_yn,Phase2,ok
random_forest,mortality_rate_yn,Phase3,ok
random_forest,mortality_rate_yn,Phase4,ok
random_forest,serious_adverse_rate_yn,Phase1,ok
random_forest,serious_adverse_rate_yn,Phase2,ok
random_forest,serious_adverse_rate_yn,Phase3,ok
random_forest,serious_adverse_rate_yn,Phase4,ok
random_forest,patient_dropout_rate_yn,Phase1,ok
random_forest,patient_dropout_rate_yn,Phase2,ok
random_forest,patient_dropout_rate_yn,Phase3,ok
random_forest,patient_dropout_rate_yn,Phase4,ok
random_forest,failure_reason,Phase1,ok
random_forest,failure_reason,Phase2,ok
random_forest,failure_reason,Phase3,ok
random_forest,failure_reason,Phase4,ok
extra_trees,outcome,Phase1,ok
extra_trees,outcome,Phase2,ok
extra_trees,outcome,Phase3,ok
extra_trees,outcome,Phase4,ok
extra_trees,mortality_rate_yn,Phase1,ok
extra_trees,mortality_rate_yn,Phase2,ok
extra_trees,mortality_rate_yn,Phase3,ok
extra_trees,mortality_rate_yn,Phase4,ok
extra_trees,serious_adverse_rate_yn,Phase1,ok
extra_trees,serious_adverse_rate_yn,Phase2,ok
extra_trees,serious_adverse_rate_yn,Phase3,ok
extra_trees,serious_adverse_rate_yn,Phase4,ok
extra_trees,patient_dropout_rate_yn,Phase1,ok
extra_trees,patient_dropout_rate_yn,Phase2,ok
extra_trees,patient_dropout_rate_yn,Phase3,ok
extra_trees,patient_dropout_rate_yn,Phase4,ok
extra_trees,failure_reason,Phase1,ok
extra_trees,failure_reason,Phase2,ok
extra_trees,failure_reason,Phase3,ok
extra_trees,failure_reason,Phase4,ok
hist_gbm,outcome,Phase1,ok
hist_gbm,outcome,Phase2,ok
hist_gbm,outcome,Phase3,ok
hist_gbm,outcome,Phase4,ok
hist_gbm,mortality_rate_yn,Phase1,ok
hist_gbm,mortality_rate_yn,Phase2,ok
hist_gbm,mortality_rate_yn,Phase3,ok
hist_gbm,mortality_rate_yn,Phase4,ok
hist_gbm,serious_adverse_rate_yn,Phase1,ok
hist_gbm,serious_adverse_rate_yn,Phase2,ok
hist_gbm,serious_adverse_rate_yn,Phase3,ok
hist_gbm,serious_adverse_rate_yn,Phase4,ok
hist_gbm,patient_dropout_rate_yn,Phase1,ok
hist_gbm,patient_dropout_rate_yn,Phase2,ok
hist_gbm,patient_dropout_rate_yn,Phase3,ok
hist_gbm,patient_dropout_rate_yn,Phase4,ok
hist_gbm,failure_reason,Phase1,ok
hist_gbm,failure_reason,Phase2,ok
hist_gbm,failure_reason,Phase3,ok
hist_gbm,failure_reason,Phase4,ok
xgboost,outcome,Phase1,ok
xgboost,outcome,Phase2,ok
xgboost,outcome,Phase3,ok
xgboost,outcome,Phase4,ok
xgboost,mortality_rate_yn,Phase1,ok
xgboost,mortality_rate_yn,Phase2,ok
xgboost,mortality_rate_yn,Phase3,ok
xgboost,mortality_rate_yn,Phase4,ok
xgboost,serious_adverse_rate_yn,Phase1,ok
xgboost,serious_adverse_rate_yn,Phase2,ok
xgboost,serious_adverse_rate_yn,Phase3,ok
xgboost,serious_adverse_rate_yn,Phase4,ok
xgboost,patient_dropout_rate_yn,Phase1,ok
xgboost,patient_dropout_rate_yn,Phase2,ok
xgboost,patient_dropout_rate_yn,Phase3,ok
xgboost,patient_dropout_rate_yn,Phase4,ok
xgboost,failure_reason,Phase1,ok
xgboost,failure_reason,Phase2,ok
xgboost,failure_reason,Phase3,ok
xgboost,failure_reason,Phase4,ok
lightgbm,outcome,Phase1,ok
lightgbm,outcome,Phase2,ok
lightgbm,outcome,Phase3,ok
lightgbm,outcome,Phase4,ok
lightgbm,mortality_rate_yn,Phase1,ok
lightgbm,mortality_rate_yn,Phase2,ok
lightgbm,mortality_rate_yn,Phase3,ok
lightgbm,mortality_rate_yn,Phase4,ok
lightgbm,serious_adverse_rate_yn,Phase1,ok
lightgbm,serious_adverse_rate_yn,Phase2,ok
lightgbm,serious_adverse_rate_yn,Phase3,ok
lightgbm,serious_adverse_rate_yn,Phase4,ok
lightgbm,patient_dropout_rate_yn,Phase1,ok
lightgbm,patient_dropout_rate_yn,Phase2,ok
lightgbm,patient_dropout_rate_yn,Phase3,ok
lightgbm,patient_dropout_rate_yn,Phase4,ok
lightgbm,failure_reason,Phase1,ok
lightgbm,failure_reason,Phase2,ok
lightgbm,failure_reason,Phase3,ok
lightgbm,failure_reason,Phase4,ok
catboost,outcome,Phase1,ok
catboost,outcome,Phase2,ok
catboost,outcome,Phase3,ok
catboost,outcome,Phase4,ok
catboost,mortality_rate_yn,Phase1,ok
catboost,mortality_rate_yn,Phase2,ok
catboost,mortality_rate_yn,Phase3,ok
catboost,mortality_rate_yn,Phase4,ok
catboost,serious_adverse_rate_yn,Phase1,ok
catboost,serious_adverse_rate_yn,Phase2,ok
catboost,serious_adverse_rate_yn,Phase3,ok
catboost,serious_adverse_rate_yn,Phase4,ok
catboost,patient_dropout_rate_yn,Phase1,ok
catboost,patient_dropout_rate_yn,Phase2,ok
catboost,patient_dropout_rate_yn,Phase3,ok
catboost,patient_dropout_rate_yn,Phase4,ok
catboost,failure_reason,Phase1,ok
catboost,failure_reason,Phase2,ok
catboost,failure_reason,Phase3,ok
catboost,failure_reason,Phase4,ok
tfidf_logreg,outcome,Phase1,ok
tfidf_logreg,outcome,Phase2,ok
tfidf_logreg,outcome,Phase3,ok
tfidf_logreg,outcome,Phase4,ok
tfidf_logreg,mortality_rate_yn,Phase1,ok
tfidf_logreg,mortality_rate_yn,Phase2,ok
tfidf_logreg,mortality_rate_yn,Phase3,ok
tfidf_logreg,mortality_rate_yn,Phase4,ok
tfidf_logreg,serious_adverse_rate_yn,Phase1,ok
tfidf_logreg,serious_adverse_rate_yn,Phase2,ok
tfidf_logreg,serious_adverse_rate_yn,Phase3,ok
tfidf_logreg,serious_adverse_rate_yn,Phase4,ok
tfidf_logreg,patient_dropout_rate_yn,Phase1,ok
tfidf_logreg,patient_dropout_rate_yn,Phase2,ok
tfidf_logreg,patient_dropout_rate_yn,Phase3,ok
tfidf_logreg,patient_dropout_rate_yn,Phase4,ok
tfidf_logreg,failure_reason,Phase1,ok
tfidf_logreg,failure_reason,Phase2,ok
tfidf_logreg,failure_reason,Phase3,ok
tfidf_logreg,failure_reason,Phase4,ok
ft_transformer,outcome,Phase1,ok
ft_transformer,outcome,Phase2,ok
ft_transformer,outcome,Phase3,ok
ft_transformer,outcome,Phase4,ok
ft_transformer,mortality_rate_yn,Phase1,ok
ft_transformer,mortality_rate_yn,Phase2,ok
ft_transformer,mortality_rate_yn,Phase3,ok
ft_transformer,mortality_rate_yn,Phase4,ok
ft_transformer,serious_adverse_rate_yn,Phase1,ok
ft_transformer,serious_adverse_rate_yn,Phase2,ok
ft_transformer,serious_adverse_rate_yn,Phase3,missing
ft_transformer,serious_adverse_rate_yn,Phase4,missing
ft_transformer,patient_dropout_rate_yn,Phase1,missing
ft_transformer,patient_dropout_rate_yn,Phase2,missing
ft_transformer,patient_dropout_rate_yn,Phase3,missing
ft_transformer,patient_dropout_rate_yn,Phase4,missing
ft_transformer,failure_reason,Phase1,missing
ft_transformer,failure_reason,Phase2,missing
ft_transformer,failure_reason,Phase3,missing
ft_transformer,failure_reason,Phase4,missing
tabnet,outcome,Phase1,ok
tabnet,outcome,Phase2,ok
tabnet,outcome,Phase3,ok
tabnet,outcome,Phase4,ok
tabnet,mortality_rate_yn,Phase1,ok
tabnet,mortality_rate_yn,Phase2,ok
tabnet,mortality_rate_yn,Phase3,ok
tabnet,mortality_rate_yn,Phase4,ok
tabnet,serious_adverse_rate_yn,Phase1,ok
tabnet,serious_adverse_rate_yn,Phase2,ok
tabnet,serious_adverse_rate_yn,Phase3,missing
tabnet,serious_adverse_rate_yn,Phase4,missing
tabnet,patient_dropout_rate_yn,Phase1,missing
tabnet,patient_dropout_rate_yn,Phase2,missing
tabnet,patient_dropout_rate_yn,Phase3,missing
tabnet,patient_dropout_rate_yn,Phase4,missing
tabnet,failure_reason,Phase1,missing
tabnet,failure_reason,Phase2,missing
tabnet,failure_reason,Phase3,missing
tabnet,failure_reason,Phase4,missing
clinical_embeddings,outcome,Phase1,ok
clinical_embeddings,outcome,Phase2,ok
clinical_embeddings,outcome,Phase3,ok
clinical_embeddings,outcome,Phase4,ok
clinical_embeddings,mortality_rate_yn,Phase1,ok
clinical_embeddings,mortality_rate_yn,Phase2,ok
clinical_embeddings,mortality_rate_yn,Phase3,ok
clinical_embeddings,mortality_rate_yn,Phase4,ok
clinical_embeddings,serious_adverse_rate_yn,Phase1,ok
clinical_embeddings,serious_adverse_rate_yn,Phase2,missing
clinical_embeddings,serious_adverse_rate_yn,Phase3,missing
clinical_embeddings,serious_adverse_rate_yn,Phase4,missing
clinical_embeddings,patient_dropout_rate_yn,Phase1,missing
clinical_embeddings,patient_dropout_rate_yn,Phase2,missing
clinical_embeddings,patient_dropout_rate_yn,Phase3,missing
clinical_embeddings,patient_dropout_rate_yn,Phase4,missing
clinical_embeddings,failure_reason,Phase1,missing
clinical_embeddings,failure_reason,Phase2,missing
clinical_embeddings,failure_reason,Phase3,missing
clinical_embeddings,failure_reason,Phase4,missing
tabpfn,outcome,Phase1,skipped
tabpfn,outcome,Phase2,skipped
tabpfn,outcome,Phase3,skipped
tabpfn,outcome,Phase4,skipped
tabpfn,mortality_rate_yn,Phase1,skipped
tabpfn,mortality_rate_yn,Phase2,skipped
tabpfn,mortality_rate_yn,Phase3,skipped
tabpfn,mortality_rate_yn,Phase4,skipped
tabpfn,serious_adverse_rate_yn,Phase1,skipped
tabpfn,serious_adverse_rate_yn,Phase2,skipped
tabpfn,serious_adverse_rate_yn,Phase3,missing
tabpfn,serious_adverse_rate_yn,Phase4,missing
tabpfn,patient_dropout_rate_yn,Phase1,missing
tabpfn,patient_dropout_rate_yn,Phase2,missing
tabpfn,patient_dropout_rate_yn,Phase3,missing
tabpfn,patient_dropout_rate_yn,Phase4,missing
tabpfn,failure_reason,Phase1,missing
tabpfn,failure_reason,Phase2,missing
tabpfn,failure_reason,Phase3,missing
tabpfn,failure_reason,Phase4,missing
